config,baseline,baseline_planning_feasible,baseline_wcrt_feasible,baseline_feasible,best_candidate_feasible,candidate_only_feasible,planner,planning_feasible,wcrt_feasible,feasible
review/frozen/sched_rate/configs/low/low-01.yaml,np_edf,False,False,False,True,True,lp,True,True,True
review/frozen/sched_rate/configs/low/low-01.yaml,np_edf,False,False,False,True,True,np_dm,False,False,False
review/frozen/sched_rate/configs/low/low-01.yaml,np_edf,False,False,False,True,True,precautious_dm,True,True,True
review/frozen/sched_rate/configs/low/low-02.yaml,np_edf,True,True,True,True,True,lp,True,True,True
review/frozen/sched_rate/configs/low/low-02.yaml,np_edf,True,True,True,True,True,np_dm,True,True,True
review/frozen/sched_rate/configs/low/low-02.yaml,np_edf,True,True,True,True,True,precautious_dm,True,True,True
review/frozen/sched_rate/configs/low/low-03.yaml,np_edf,True,True,True,True,True,lp,True,True,True
review/frozen/sched_rate/configs/low/low-03.yaml,np_edf,True,True,True,True,True,np_dm,True,True,True
review/frozen/sched_rate/configs/low/low-03.yaml,np_edf,True,True,True,True,True,precautious_dm,True,True,True
review/frozen/sched_rate/configs/low/low-04.yaml,np_edf,False,False,False,True,True,lp,True,True,True
review/frozen/sched_rate/configs/low/low-04.yaml,np_edf,False,False,False,True,True,np_dm,False,False,False
review/frozen/sched_rate/configs/low/low-04.yaml,np_edf,False,False,False,True,True,precautious_dm,True,True,True
review/frozen/sched_rate/configs/medium/medium-01.yaml,np_edf,False,False,False,True,True,lp,True,True,True
review/frozen/sched_rate/configs/medium/medium-01.yaml,np_edf,False,False,False,True,True,np_dm,False,False,False
review/frozen/sched_rate/configs/medium/medium-01.yaml,np_edf,False,False,False,True,True,precautious_dm,True,True,True
review/frozen/sched_rate/configs/medium/medium-02.yaml,np_edf,False,False,False,True,True,lp,True,True,True
review/frozen/sched_rate/configs/medium/medium-02.yaml,np_edf,False,False,False,True,True,np_dm,False,False,False
review/frozen/sched_rate/configs/medium/medium-02.yaml,np_edf,False,False,False,True,True,precautious_dm,True,True,True
review/frozen/sched_rate/configs/medium/medium-03.yaml,np_edf,False,False,False,True,True,lp,True,True,True
review/frozen/sched_rate/configs/medium/medium-03.yaml,np_edf,False,False,False,True,True,np_dm,False,False,False
review/frozen/sched_rate/configs/medium/medium-03.yaml,np_edf,False,False,False,True,True,precautious_dm,True,True,True
review/frozen/sched_rate/configs/medium/medium-04.yaml,np_edf,False,False,False,True,True,lp,True,True,True
review/frozen/sched_rate/configs/medium/medium-04.yaml,np_edf,False,False,False,True,True,np_dm,False,False,False
review/frozen/sched_rate/configs/medium/medium-04.yaml,np_edf,False,False,False,True,True,precautious_dm,True,True,True
review/frozen/sched_rate/configs/high/high-01.yaml,np_edf,True,True,True,True,True,lp,True,True,True
review/frozen/sched_rate/configs/high/high-01.yaml,np_edf,True,True,True,True,True,np_dm,True,True,True
review/frozen/sched_rate/configs/high/high-01.yaml,np_edf,True,True,True,True,True,precautious_dm,True,True,True
review/frozen/sched_rate/configs/high/high-02.yaml,np_edf,False,False,False,True,True,lp,True,True,True
review/frozen/sched_rate/configs/high/high-02.yaml,np_edf,False,False,False,True,True,np_dm,False,False,False
review/frozen/sched_rate/configs/high/high-02.yaml,np_edf,False,False,False,True,True,precautious_dm,False,False,False
review/frozen/sched_rate/configs/high/high-03.yaml,np_edf,False,False,False,False,False,lp,False,False,False
review/frozen/sched_rate/configs/high/high-03.yaml,np_edf,False,False,False,False,False,np_dm,False,False,False
review/frozen/sched_rate/configs/high/high-03.yaml,np_edf,False,False,False,False,False,precautious_dm,False,False,False
review/frozen/sched_rate/configs/high/high-04.yaml,np_edf,True,True,True,True,True,lp,True,True,True
review/frozen/sched_rate/configs/high/high-04.yaml,np_edf,True,True,True,True,True,np_dm,True,True,True
review/frozen/sched_rate/configs/high/high-04.yaml,np_edf,True,True,True,True,True,precautious_dm,True,True,True
